---- 115 тестовых постов

INSERT INTO tags (id, name) VALUES (1, 'технологии');
INSERT INTO tags (id, name) VALUES (2, 'блог');
INSERT INTO tags (id, name) VALUES (3, 'программирование');
INSERT INTO tags (id, name) VALUES (4, 'жизнь');
INSERT INTO tags (id, name) VALUES (5, 'тест');
INSERT INTO tags (id, name) VALUES (6, 'котики');

INSERT INTO posts (id, title, image, text, likes) VALUES
(1, 'Пост 1', 'image1.png', 'Абзац 1: Строка 1 <br> Строка 2 <br> Строка 3 <br> Строка 4 <br> Строка 5 <br><br> Абзац 2: Строка 1 <br> Строка 2 <br> Строка 3 <br><br> Абзац 3: Строка 1', 730);

INSERT INTO posts_tags (post_id, tag_id) VALUES
(1, 2);

INSERT INTO posts (id, title, image, text, likes) VALUES
(2, 'Пост 2', 'image2.png', 'Абзац 1: Строка 1 <br> Строка 2 <br> Строка 3 <br><br> Абзац 2: Строка 1 <br> Строка 2 <br><br> Абзац 3: Строка 1 <br> Строка 2 <br> Строка 3 <br> Строка 4', 683);

INSERT INTO comments (id, text, post_id) VALUES
(1, 'хуже ничего в жизни не читал', 2),
(2, 'хуже ничего в жизни не читал', 2),
(3, 'самый лучший пост в мире', 2);

INSERT INTO posts_tags (post_id, tag_id) VALUES
(2, 4);

INSERT INTO posts (id, title, image, text, likes) VALUES
(3, 'Пост 3', 'image3.png', 'Абзац 1: Строка 1 <br><br> Абзац 2: Строка 1 <br> Строка 2 <br> Строка 3 <br> Строка 4 <br> Строка 5 <br><br> Абзац 3: Строка 1 <br> Строка 2 <br> Строка 3', 865);

INSERT INTO comments (id, text, post_id) VALUES
(4, 'отвратительный пост', 3),
(5, 'отличный пост', 3),
(6, 'отвратительный пост', 3),
(7, 'отвратительный пост', 3);

INSERT INTO posts_tags (post_id, tag_id) VALUES
(3, 3);

INSERT INTO posts (id, title, image, text, likes) VALUES
(4, 'Пост 4', 'image4.png', 'Абзац 1: Строка 1 <br> Строка 2', 135);

INSERT INTO comments (id, text, post_id) VALUES
(8, 'отвратительный пост', 4),
(9, 'отличный пост', 4),
(10, 'хуже ничего в жизни не читал', 4);

INSERT INTO posts_tags (post_id, tag_id) VALUES
(4, 6),
(4, 4),
(4, 3);
--
--INSERT INTO posts (id, title, image, text, likes) VALUES
--(5, 'Пост 5', 'image5.png', 'Абзац 1: Строка 1 <br> Строка 2 <br> Строка 3', 606);
--
--INSERT INTO comments (id, text, post_id) VALUES
--(11, 'отличный пост', 5),
--(12, 'хуже ничего в жизни не читал', 5),
--(13, 'ужасный пост', 5),
--(14, 'замечательный пост', 5),
--(15, 'отвратительный пост', 5);
--
--INSERT INTO posts_tags (post_id, tag_id) VALUES
--(5, 6),
--(5, 1);
--
--INSERT INTO posts (id, title, image, text, likes) VALUES
--(6, 'Пост 6', 'image6.png', 'Абзац 1: Строка 1 <br> Строка 2 <br><br> Абзац 2: Строка 1 <br><br> Абзац 3: Строка 1 <br> Строка 2 <br> Строка 3', 36);
--
--INSERT INTO comments (id, text, post_id) VALUES
--(16, 'ужасный пост', 6);
--
--INSERT INTO posts (id, title, image, text, likes) VALUES
--(7, 'Пост 7', 'image7.png', 'Абзац 1: Строка 1 <br> Строка 2 <br> Строка 3 <br><br> Абзац 2: Строка 1 <br> Строка 2', 555);
--
--INSERT INTO comments (id, text, post_id) VALUES
--(17, 'отличный пост', 7),
--(18, 'отвратительный пост', 7),
--(19, 'самый лучший пост в мире', 7);
--
--INSERT INTO posts_tags (post_id, tag_id) VALUES
--(7, 4),
--(7, 1),
--(7, 5),
--(7, 3);
--
--INSERT INTO posts (id, title, image, text, likes) VALUES
--(8, 'Пост 8', 'image8.png', 'Абзац 1: Строка 1 <br> Строка 2 <br> Строка 3 <br> Строка 4', 802);
--
--INSERT INTO comments (id, text, post_id) VALUES
--(20, 'замечательный пост', 8);
--
--INSERT INTO posts_tags (post_id, tag_id) VALUES
--(8, 6);
--
--INSERT INTO posts (id, title, image, text, likes) VALUES
--(9, 'Пост 9', 'image9.png', 'Абзац 1: Строка 1 <br> Строка 2 <br> Строка 3 <br> Строка 4 <br> Строка 5 <br><br> Абзац 2: Строка 1 <br> Строка 2 <br><br> Абзац 3: Строка 1 <br> Строка 2 <br> Строка 3', 874);
--
--INSERT INTO comments (id, text, post_id) VALUES
--(21, 'отличный пост', 9),
--(22, 'самый лучший пост в мире', 9),
--(23, 'хуже ничего в жизни не читал', 9),
--(24, 'хуже ничего в жизни не читал', 9);
--
--INSERT INTO posts_tags (post_id, tag_id) VALUES
--(9, 2),
--(9, 6),
--(9, 4);
--
--INSERT INTO posts (id, title, image, text, likes) VALUES
--(10, 'Пост 10', 'image10.png', 'Абзац 1: Строка 1 <br> Строка 2 <br> Строка 3 <br><br> Абзац 2: Строка 1 <br> Строка 2 <br> Строка 3 <br> Строка 4 <br> Строка 5 <br><br> Абзац 3: Строка 1', 607);
--
--INSERT INTO comments (id, text, post_id) VALUES
--(25, 'хуже ничего в жизни не читал', 10),
--(26, 'замечательный пост', 10),
--(27, 'отвратительный пост', 10),
--(28, 'отвратительный пост', 10);
--
--INSERT INTO posts_tags (post_id, tag_id) VALUES
--(10, 2),
--(10, 6),
--(10, 4),
--(10, 1);
--
--INSERT INTO posts (id, title, image, text, likes) VALUES
--(11, 'Пост 11', 'image11.png', 'Абзац 1: Строка 1 <br> Строка 2 <br> Строка 3 <br><br> Абзац 2: Строка 1 <br> Строка 2 <br><br> Абзац 3: Строка 1 <br> Строка 2 <br> Строка 3 <br> Строка 4', 924);
--
--INSERT INTO comments (id, text, post_id) VALUES
--(29, 'самый лучший пост в мире', 11);
--
--INSERT INTO posts_tags (post_id, tag_id) VALUES
--(11, 4);
--
--INSERT INTO posts (id, title, image, text, likes) VALUES
--(12, 'Пост 12', 'image12.png', 'Абзац 1: Строка 1 <br> Строка 2 <br> Строка 3 <br> Строка 4 <br> Строка 5 <br><br> Абзац 2: Строка 1 <br> Строка 2 <br> Строка 3 <br> Строка 4 <br><br> Абзац 3: Строка 1 <br> Строка 2 <br> Строка 3 <br> Строка 4', 87);
--
--INSERT INTO comments (id, text, post_id) VALUES
--(30, 'ужасный пост', 12),
--(31, 'самый лучший пост в мире', 12),
--(32, 'отличный пост', 12),
--(33, 'самый лучший пост в мире', 12);
--
--INSERT INTO posts_tags (post_id, tag_id) VALUES
--(12, 6);
--
--INSERT INTO posts (id, title, image, text, likes) VALUES
--(13, 'Пост 13', 'image13.png', 'Абзац 1: Строка 1 <br> Строка 2 <br> Строка 3 <br> Строка 4 <br><br> Абзац 2: Строка 1', 974);
--
--INSERT INTO posts_tags (post_id, tag_id) VALUES
--(13, 1),
--(13, 6),
--(13, 2);
--
--INSERT INTO posts (id, title, image, text, likes) VALUES
--(14, 'Пост 14', 'image14.png', 'Абзац 1: Строка 1 <br> Строка 2 <br> Строка 3 <br> Строка 4 <br><br> Абзац 2: Строка 1 <br> Строка 2 <br> Строка 3 <br> Строка 4 <br> Строка 5 <br><br> Абзац 3: Строка 1', 137);
--
--INSERT INTO comments (id, text, post_id) VALUES
--(34, 'отвратительный пост', 14),
--(35, 'хуже ничего в жизни не читал', 14),
--(36, 'замечательный пост', 14);
--
--INSERT INTO posts_tags (post_id, tag_id) VALUES
--(14, 5);
--
--INSERT INTO posts (id, title, image, text, likes) VALUES
--(15, 'Пост 15', 'image15.png', 'Абзац 1: Строка 1 <br> Строка 2 <br><br> Абзац 2: Строка 1 <br> Строка 2 <br> Строка 3 <br> Строка 4 <br> Строка 5 <br><br> Абзац 3: Строка 1 <br> Строка 2', 365);
--
--INSERT INTO comments (id, text, post_id) VALUES
--(37, 'замечательный пост', 15),
--(38, 'замечательный пост', 15),
--(39, 'отличный пост', 15),
--(40, 'самый лучший пост в мире', 15),
--(41, 'хуже ничего в жизни не читал', 15);
--
--INSERT INTO posts_tags (post_id, tag_id) VALUES
--(15, 3);
--
--INSERT INTO posts (id, title, image, text, likes) VALUES
--(16, 'Пост 16', 'image16.png', 'Абзац 1: Строка 1 <br> Строка 2 <br> Строка 3 <br> Строка 4 <br> Строка 5', 419);
--
--INSERT INTO comments (id, text, post_id) VALUES
--(42, 'отличный пост', 16);
--
--INSERT INTO posts_tags (post_id, tag_id) VALUES
--(16, 4),
--(16, 1),
--(16, 2);
--
--INSERT INTO posts (id, title, image, text, likes) VALUES
--(17, 'Пост 17', 'image17.png', 'Абзац 1: Строка 1 <br> Строка 2 <br> Строка 3 <br><br> Абзац 2: Строка 1 <br> Строка 2 <br> Строка 3 <br><br> Абзац 3: Строка 1 <br> Строка 2 <br> Строка 3 <br> Строка 4 <br> Строка 5', 176);
--
--INSERT INTO comments (id, text, post_id) VALUES
--(43, 'хуже ничего в жизни не читал', 17);
--
--INSERT INTO posts_tags (post_id, tag_id) VALUES
--(17, 5),
--(17, 3);
--
--INSERT INTO posts (id, title, image, text, likes) VALUES
--(18, 'Пост 18', 'image18.png', 'Абзац 1: Строка 1 <br> Строка 2 <br> Строка 3 <br> Строка 4 <br> Строка 5', 422);
--
--INSERT INTO comments (id, text, post_id) VALUES
--(44, 'отличный пост', 18),
--(45, 'замечательный пост', 18),
--(46, 'отвратительный пост', 18);
--
--INSERT INTO posts_tags (post_id, tag_id) VALUES
--(18, 4);
--
--INSERT INTO posts (id, title, image, text, likes) VALUES
--(19, 'Пост 19', 'image19.png', 'Абзац 1: Строка 1 <br><br> Абзац 2: Строка 1 <br><br> Абзац 3: Строка 1 <br> Строка 2 <br> Строка 3 <br> Строка 4 <br> Строка 5', 349);
--
--INSERT INTO comments (id, text, post_id) VALUES
--(47, 'отличный пост', 19),
--(48, 'самый лучший пост в мире', 19);
--
--INSERT INTO posts_tags (post_id, tag_id) VALUES
--(19, 4);
--
--INSERT INTO posts (id, title, image, text, likes) VALUES
--(20, 'Пост 20', 'image20.png', 'Абзац 1: Строка 1 <br><br> Абзац 2: Строка 1', 721);
--
--INSERT INTO comments (id, text, post_id) VALUES
--(49, 'замечательный пост', 20),
--(50, 'самый лучший пост в мире', 20),
--(51, 'замечательный пост', 20),
--(52, 'ужасный пост', 20),
--(53, 'отличный пост', 20);
--
--INSERT INTO posts_tags (post_id, tag_id) VALUES
--(20, 2),
--(20, 1);
--
--INSERT INTO posts (id, title, image, text, likes) VALUES
--(21, 'Пост 21', 'image21.png', 'Абзац 1: Строка 1 <br> Строка 2 <br> Строка 3 <br><br> Абзац 2: Строка 1 <br> Строка 2 <br> Строка 3 <br> Строка 4 <br> Строка 5', 455);
--
--INSERT INTO comments (id, text, post_id) VALUES
--(54, 'самый лучший пост в мире', 21),
--(55, 'отвратительный пост', 21),
--(56, 'отличный пост', 21);
--
--INSERT INTO posts_tags (post_id, tag_id) VALUES
--(21, 5);
--
--INSERT INTO posts (id, title, image, text, likes) VALUES
--(22, 'Пост 22', 'image22.png', 'Абзац 1: Строка 1 <br><br> Абзац 2: Строка 1 <br> Строка 2 <br><br> Абзац 3: Строка 1 <br> Строка 2', 936);
--
--INSERT INTO comments (id, text, post_id) VALUES
--(57, 'отличный пост', 22),
--(58, 'хуже ничего в жизни не читал', 22),
--(59, 'отвратительный пост', 22),
--(60, 'ужасный пост', 22);
--
--INSERT INTO posts_tags (post_id, tag_id) VALUES
--(22, 2),
--(22, 1);
--
--INSERT INTO posts (id, title, image, text, likes) VALUES
--(23, 'Пост 23', 'image23.png', 'Абзац 1: Строка 1 <br> Строка 2 <br> Строка 3 <br> Строка 4 <br> Строка 5 <br><br> Абзац 2: Строка 1 <br> Строка 2 <br> Строка 3 <br> Строка 4', 334);
--
--INSERT INTO comments (id, text, post_id) VALUES
--(61, 'замечательный пост', 23),
--(62, 'хуже ничего в жизни не читал', 23);
--
--INSERT INTO posts_tags (post_id, tag_id) VALUES
--(23, 1),
--(23, 2),
--(23, 6);
--
--INSERT INTO posts (id, title, image, text, likes) VALUES
--(24, 'Пост 24', 'image24.png', 'Абзац 1: Строка 1 <br><br> Абзац 2: Строка 1 <br> Строка 2 <br> Строка 3 <br> Строка 4 <br> Строка 5', 116);
--
--INSERT INTO posts_tags (post_id, tag_id) VALUES
--(24, 6);
--
--INSERT INTO posts (id, title, image, text, likes) VALUES
--(25, 'Пост 25', 'image25.png', 'Абзац 1: Строка 1 <br> Строка 2 <br> Строка 3', 374);
--
--INSERT INTO comments (id, text, post_id) VALUES
--(63, 'ужасный пост', 25),
--(64, 'ужасный пост', 25),
--(65, 'отвратительный пост', 25);
--
--INSERT INTO posts_tags (post_id, tag_id) VALUES
--(25, 1),
--(25, 6);
--
--INSERT INTO posts (id, title, image, text, likes) VALUES
--(26, 'Пост 26', 'image26.png', 'Абзац 1: Строка 1 <br> Строка 2 <br> Строка 3 <br><br> Абзац 2: Строка 1 <br> Строка 2 <br> Строка 3 <br> Строка 4', 710);
--
--INSERT INTO comments (id, text, post_id) VALUES
--(66, 'отличный пост', 26);
--
--INSERT INTO posts (id, title, image, text, likes) VALUES
--(27, 'Пост 27', 'image27.png', 'Абзац 1: Строка 1 <br> Строка 2 <br> Строка 3 <br> Строка 4', 683);
--
--INSERT INTO comments (id, text, post_id) VALUES
--(67, 'самый лучший пост в мире', 27),
--(68, 'ужасный пост', 27),
--(69, 'отвратительный пост', 27);
--
--INSERT INTO posts_tags (post_id, tag_id) VALUES
--(27, 4),
--(27, 2),
--(27, 5);
--
--INSERT INTO posts (id, title, image, text, likes) VALUES
--(28, 'Пост 28', 'image28.png', 'Абзац 1: Строка 1 <br> Строка 2 <br> Строка 3 <br> Строка 4 <br> Строка 5 <br><br> Абзац 2: Строка 1 <br> Строка 2 <br> Строка 3 <br><br> Абзац 3: Строка 1 <br> Строка 2', 66);
--
--INSERT INTO comments (id, text, post_id) VALUES
--(70, 'самый лучший пост в мире', 28),
--(71, 'отличный пост', 28),
--(72, 'замечательный пост', 28),
--(73, 'ужасный пост', 28);
--
--INSERT INTO posts_tags (post_id, tag_id) VALUES
--(28, 2),
--(28, 5),
--(28, 3),
--(28, 1);
--
--INSERT INTO posts (id, title, image, text, likes) VALUES
--(29, 'Пост 29', 'image29.png', 'Абзац 1: Строка 1 <br> Строка 2 <br> Строка 3 <br> Строка 4', 94);
--
--INSERT INTO comments (id, text, post_id) VALUES
--(74, 'отвратительный пост', 29),
--(75, 'отвратительный пост', 29),
--(76, 'ужасный пост', 29),
--(77, 'отвратительный пост', 29),
--(78, 'самый лучший пост в мире', 29);
--
--INSERT INTO posts_tags (post_id, tag_id) VALUES
--(29, 2),
--(29, 3),
--(29, 1),
--(29, 6);
--
--INSERT INTO posts (id, title, image, text, likes) VALUES
--(30, 'Пост 30', 'image30.png', 'Абзац 1: Строка 1 <br> Строка 2 <br> Строка 3 <br> Строка 4 <br><br> Абзац 2: Строка 1 <br> Строка 2 <br> Строка 3', 453);
--
--INSERT INTO posts_tags (post_id, tag_id) VALUES
--(30, 3);
--
--INSERT INTO posts (id, title, image, text, likes) VALUES
--(31, 'Пост 31', 'image31.png', 'Абзац 1: Строка 1 <br> Строка 2 <br><br> Абзац 2: Строка 1 <br> Строка 2 <br> Строка 3 <br><br> Абзац 3: Строка 1 <br> Строка 2 <br> Строка 3', 778);
--
--INSERT INTO comments (id, text, post_id) VALUES
--(79, 'ужасный пост', 31),
--(80, 'отличный пост', 31),
--(81, 'хуже ничего в жизни не читал', 31),
--(82, 'отвратительный пост', 31),
--(83, 'хуже ничего в жизни не читал', 31);
--
--INSERT INTO posts_tags (post_id, tag_id) VALUES
--(31, 3),
--(31, 4),
--(31, 5),
--(31, 6);
--
--INSERT INTO posts (id, title, image, text, likes) VALUES
--(32, 'Пост 32', 'image32.png', 'Абзац 1: Строка 1 <br> Строка 2 <br> Строка 3 <br> Строка 4 <br><br> Абзац 2: Строка 1 <br> Строка 2 <br> Строка 3 <br> Строка 4 <br> Строка 5', 104);
--
--INSERT INTO comments (id, text, post_id) VALUES
--(84, 'отвратительный пост', 32),
--(85, 'замечательный пост', 32);
--
--INSERT INTO posts_tags (post_id, tag_id) VALUES
--(32, 5),
--(32, 1),
--(32, 2);
--
--INSERT INTO posts (id, title, image, text, likes) VALUES
--(33, 'Пост 33', 'image33.png', 'Абзац 1: Строка 1 <br> Строка 2 <br><br> Абзац 2: Строка 1 <br><br> Абзац 3: Строка 1 <br> Строка 2 <br> Строка 3 <br> Строка 4', 171);
--
--INSERT INTO comments (id, text, post_id) VALUES
--(86, 'отличный пост', 33),
--(87, 'ужасный пост', 33),
--(88, 'отличный пост', 33);
--
--INSERT INTO posts_tags (post_id, tag_id) VALUES
--(33, 2),
--(33, 5);
--
--INSERT INTO posts (id, title, image, text, likes) VALUES
--(34, 'Пост 34', 'image34.png', 'Абзац 1: Строка 1 <br> Строка 2 <br> Строка 3 <br> Строка 4', 456);
--
--INSERT INTO comments (id, text, post_id) VALUES
--(89, 'хуже ничего в жизни не читал', 34),
--(90, 'самый лучший пост в мире', 34),
--(91, 'отличный пост', 34),
--(92, 'отвратительный пост', 34),
--(93, 'самый лучший пост в мире', 34);
--
--INSERT INTO posts_tags (post_id, tag_id) VALUES
--(34, 3),
--(34, 6),
--(34, 1);
--
--INSERT INTO posts (id, title, image, text, likes) VALUES
--(35, 'Пост 35', 'image35.png', 'Абзац 1: Строка 1 <br> Строка 2 <br> Строка 3', 254);
--
--INSERT INTO comments (id, text, post_id) VALUES
--(94, 'отличный пост', 35),
--(95, 'хуже ничего в жизни не читал', 35),
--(96, 'отвратительный пост', 35),
--(97, 'замечательный пост', 35);
--
--INSERT INTO posts_tags (post_id, tag_id) VALUES
--(35, 1);
--
--INSERT INTO posts (id, title, image, text, likes) VALUES
--(36, 'Пост 36', 'image36.png', 'Абзац 1: Строка 1', 955);
--
--INSERT INTO comments (id, text, post_id) VALUES
--(98, 'самый лучший пост в мире', 36);
--
--INSERT INTO posts_tags (post_id, tag_id) VALUES
--(36, 4),
--(36, 5);
--
--INSERT INTO posts (id, title, image, text, likes) VALUES
--(37, 'Пост 37', 'image37.png', 'Абзац 1: Строка 1 <br> Строка 2 <br> Строка 3 <br> Строка 4 <br> Строка 5 <br><br> Абзац 2: Строка 1 <br> Строка 2 <br> Строка 3', 593);
--
--INSERT INTO comments (id, text, post_id) VALUES
--(99, 'отличный пост', 37),
--(100, 'отвратительный пост', 37),
--(101, 'самый лучший пост в мире', 37),
--(102, 'отличный пост', 37),
--(103, 'хуже ничего в жизни не читал', 37);
--
--INSERT INTO posts_tags (post_id, tag_id) VALUES
--(37, 3),
--(37, 5),
--(37, 2);
--
--INSERT INTO posts (id, title, image, text, likes) VALUES
--(38, 'Пост 38', 'image38.png', 'Абзац 1: Строка 1 <br> Строка 2 <br> Строка 3 <br> Строка 4 <br><br> Абзац 2: Строка 1 <br> Строка 2 <br> Строка 3 <br> Строка 4 <br><br> Абзац 3: Строка 1 <br> Строка 2 <br> Строка 3 <br> Строка 4', 527);
--
--INSERT INTO comments (id, text, post_id) VALUES
--(104, 'отвратительный пост', 38),
--(105, 'ужасный пост', 38),
--(106, 'отвратительный пост', 38),
--(107, 'хуже ничего в жизни не читал', 38);
--
--INSERT INTO posts_tags (post_id, tag_id) VALUES
--(38, 6),
--(38, 5),
--(38, 1),
--(38, 2);
--
--INSERT INTO posts (id, title, image, text, likes) VALUES
--(39, 'Пост 39', 'image39.png', 'Абзац 1: Строка 1 <br> Строка 2 <br> Строка 3 <br> Строка 4 <br><br> Абзац 2: Строка 1 <br> Строка 2 <br> Строка 3 <br> Строка 4', 931);
--
--INSERT INTO comments (id, text, post_id) VALUES
--(108, 'самый лучший пост в мире', 39);
--
--INSERT INTO posts_tags (post_id, tag_id) VALUES
--(39, 5),
--(39, 4),
--(39, 1),
--(39, 3),
--(39, 6);
--
--INSERT INTO posts (id, title, image, text, likes) VALUES
--(40, 'Пост 40', 'image40.png', 'Абзац 1: Строка 1 <br> Строка 2 <br> Строка 3 <br> Строка 4 <br> Строка 5', 232);
--
--INSERT INTO comments (id, text, post_id) VALUES
--(109, 'ужасный пост', 40),
--(110, 'ужасный пост', 40),
--(111, 'замечательный пост', 40),
--(112, 'самый лучший пост в мире', 40);
--
--INSERT INTO posts_tags (post_id, tag_id) VALUES
--(40, 3),
--(40, 6),
--(40, 5),
--(40, 4);
--
--INSERT INTO posts (id, title, image, text, likes) VALUES
--(41, 'Пост 41', 'image41.png', 'Абзац 1: Строка 1 <br> Строка 2', 855);
--
--INSERT INTO comments (id, text, post_id) VALUES
--(113, 'замечательный пост', 41),
--(114, 'хуже ничего в жизни не читал', 41),
--(115, 'отвратительный пост', 41);
--
--INSERT INTO posts_tags (post_id, tag_id) VALUES
--(41, 3);
--
--INSERT INTO posts (id, title, image, text, likes) VALUES
--(42, 'Пост 42', 'image42.png', 'Абзац 1: Строка 1 <br> Строка 2 <br> Строка 3 <br> Строка 4 <br><br> Абзац 2: Строка 1 <br> Строка 2 <br> Строка 3 <br> Строка 4 <br> Строка 5', 30);
--
--INSERT INTO comments (id, text, post_id) VALUES
--(116, 'отвратительный пост', 42),
--(117, 'ужасный пост', 42),
--(118, 'отличный пост', 42);
--
--INSERT INTO posts_tags (post_id, tag_id) VALUES
--(42, 6),
--(42, 1),
--(42, 5);
--
--INSERT INTO posts (id, title, image, text, likes) VALUES
--(43, 'Пост 43', 'image43.png', 'Абзац 1: Строка 1 <br> Строка 2 <br> Строка 3 <br> Строка 4 <br> Строка 5 <br><br> Абзац 2: Строка 1 <br> Строка 2 <br> Строка 3 <br> Строка 4 <br> Строка 5', 408);
--
--INSERT INTO comments (id, text, post_id) VALUES
--(119, 'ужасный пост', 43),
--(120, 'замечательный пост', 43),
--(121, 'отличный пост', 43),
--(122, 'ужасный пост', 43);
--
--INSERT INTO posts_tags (post_id, tag_id) VALUES
--(43, 6);
--
--INSERT INTO posts (id, title, image, text, likes) VALUES
--(44, 'Пост 44', 'image44.png', 'Абзац 1: Строка 1 <br> Строка 2 <br> Строка 3 <br><br> Абзац 2: Строка 1 <br> Строка 2', 913);
--
--INSERT INTO comments (id, text, post_id) VALUES
--(123, 'отличный пост', 44),
--(124, 'хуже ничего в жизни не читал', 44),
--(125, 'отличный пост', 44);
--
--INSERT INTO posts (id, title, image, text, likes) VALUES
--(45, 'Пост 45', 'image45.png', 'Абзац 1: Строка 1 <br> Строка 2 <br> Строка 3 <br> Строка 4 <br> Строка 5 <br><br> Абзац 2: Строка 1 <br> Строка 2 <br> Строка 3 <br> Строка 4', 683);
--
--INSERT INTO posts_tags (post_id, tag_id) VALUES
--(45, 2),
--(45, 6),
--(45, 4);
--
--INSERT INTO posts (id, title, image, text, likes) VALUES
--(46, 'Пост 46', 'image46.png', 'Абзац 1: Строка 1 <br> Строка 2 <br><br> Абзац 2: Строка 1 <br><br> Абзац 3: Строка 1', 845);
--
--INSERT INTO posts_tags (post_id, tag_id) VALUES
--(46, 2),
--(46, 1),
--(46, 5);
--
--INSERT INTO posts (id, title, image, text, likes) VALUES
--(47, 'Пост 47', 'image47.png', 'Абзац 1: Строка 1 <br> Строка 2 <br><br> Абзац 2: Строка 1', 108);
--
--INSERT INTO comments (id, text, post_id) VALUES
--(126, 'ужасный пост', 47);
--
--INSERT INTO posts_tags (post_id, tag_id) VALUES
--(47, 1),
--(47, 2);
--
--INSERT INTO posts (id, title, image, text, likes) VALUES
--(48, 'Пост 48', 'image48.png', 'Абзац 1: Строка 1 <br><br> Абзац 2: Строка 1 <br> Строка 2', 930);
--
--INSERT INTO comments (id, text, post_id) VALUES
--(127, 'замечательный пост', 48),
--(128, 'отвратительный пост', 48),
--(129, 'хуже ничего в жизни не читал', 48),
--(130, 'самый лучший пост в мире', 48),
--(131, 'замечательный пост', 48);
--
--INSERT INTO posts_tags (post_id, tag_id) VALUES
--(48, 4),
--(48, 5);
--
--INSERT INTO posts (id, title, image, text, likes) VALUES
--(49, 'Пост 49', 'image49.png', 'Абзац 1: Строка 1', 853);
--
--INSERT INTO comments (id, text, post_id) VALUES
--(132, 'хуже ничего в жизни не читал', 49),
--(133, 'замечательный пост', 49),
--(134, 'самый лучший пост в мире', 49);
--
--INSERT INTO posts_tags (post_id, tag_id) VALUES
--(49, 3),
--(49, 4),
--(49, 5),
--(49, 2);
--
--INSERT INTO posts (id, title, image, text, likes) VALUES
--(50, 'Пост 50', 'image50.png', 'Абзац 1: Строка 1 <br> Строка 2', 278);
--
--INSERT INTO comments (id, text, post_id) VALUES
--(135, 'отвратительный пост', 50),
--(136, 'ужасный пост', 50),
--(137, 'самый лучший пост в мире', 50),
--(138, 'хуже ничего в жизни не читал', 50),
--(139, 'отличный пост', 50);
--
--INSERT INTO posts_tags (post_id, tag_id) VALUES
--(50, 5);
--
--INSERT INTO posts (id, title, image, text, likes) VALUES
--(51, 'Пост 51', 'image51.png', 'Абзац 1: Строка 1 <br><br> Абзац 2: Строка 1 <br> Строка 2 <br> Строка 3 <br> Строка 4 <br> Строка 5', 894);
--
--INSERT INTO comments (id, text, post_id) VALUES
--(140, 'хуже ничего в жизни не читал', 51),
--(141, 'хуже ничего в жизни не читал', 51),
--(142, 'хуже ничего в жизни не читал', 51);
--
--INSERT INTO posts_tags (post_id, tag_id) VALUES
--(51, 1);
--
--INSERT INTO posts (id, title, image, text, likes) VALUES
--(52, 'Пост 52', 'image52.png', 'Абзац 1: Строка 1 <br> Строка 2 <br> Строка 3 <br> Строка 4 <br> Строка 5 <br><br> Абзац 2: Строка 1', 55);
--
--INSERT INTO posts_tags (post_id, tag_id) VALUES
--(52, 4),
--(52, 2),
--(52, 3),
--(52, 6);
--
--INSERT INTO posts (id, title, image, text, likes) VALUES
--(53, 'Пост 53', 'image53.png', 'Абзац 1: Строка 1 <br> Строка 2 <br> Строка 3 <br> Строка 4 <br><br> Абзац 2: Строка 1 <br> Строка 2 <br> Строка 3 <br> Строка 4 <br> Строка 5', 88);
--
--INSERT INTO comments (id, text, post_id) VALUES
--(143, 'замечательный пост', 53),
--(144, 'хуже ничего в жизни не читал', 53),
--(145, 'ужасный пост', 53),
--(146, 'отличный пост', 53),
--(147, 'хуже ничего в жизни не читал', 53);
--
--INSERT INTO posts_tags (post_id, tag_id) VALUES
--(53, 3);
--
--INSERT INTO posts (id, title, image, text, likes) VALUES
--(54, 'Пост 54', 'image54.png', 'Абзац 1: Строка 1 <br> Строка 2 <br><br> Абзац 2: Строка 1 <br> Строка 2 <br><br> Абзац 3: Строка 1 <br> Строка 2 <br> Строка 3', 515);
--
--INSERT INTO posts_tags (post_id, tag_id) VALUES
--(54, 5);
--
--INSERT INTO posts (id, title, image, text, likes) VALUES
--(55, 'Пост 55', 'image55.png', 'Абзац 1: Строка 1', 939);
--
--INSERT INTO comments (id, text, post_id) VALUES
--(148, 'замечательный пост', 55),
--(149, 'самый лучший пост в мире', 55),
--(150, 'хуже ничего в жизни не читал', 55),
--(151, 'ужасный пост', 55);
--
--INSERT INTO posts_tags (post_id, tag_id) VALUES
--(55, 3),
--(55, 4),
--(55, 6);
--
--INSERT INTO posts (id, title, image, text, likes) VALUES
--(56, 'Пост 56', 'image56.png', 'Абзац 1: Строка 1 <br> Строка 2', 287);
--
--INSERT INTO comments (id, text, post_id) VALUES
--(152, 'самый лучший пост в мире', 56),
--(153, 'хуже ничего в жизни не читал', 56),
--(154, 'отличный пост', 56);
--
--INSERT INTO posts (id, title, image, text, likes) VALUES
--(57, 'Пост 57', 'image57.png', 'Абзац 1: Строка 1 <br> Строка 2 <br><br> Абзац 2: Строка 1 <br> Строка 2 <br> Строка 3 <br> Строка 4 <br> Строка 5 <br><br> Абзац 3: Строка 1', 703);
--
--INSERT INTO comments (id, text, post_id) VALUES
--(155, 'самый лучший пост в мире', 57),
--(156, 'ужасный пост', 57),
--(157, 'отвратительный пост', 57),
--(158, 'ужасный пост', 57),
--(159, 'ужасный пост', 57);
--
--INSERT INTO posts_tags (post_id, tag_id) VALUES
--(57, 4);
--
--INSERT INTO posts (id, title, image, text, likes) VALUES
--(58, 'Пост 58', 'image58.png', 'Абзац 1: Строка 1 <br> Строка 2 <br> Строка 3 <br> Строка 4', 209);
--
--INSERT INTO comments (id, text, post_id) VALUES
--(160, 'замечательный пост', 58),
--(161, 'отвратительный пост', 58),
--(162, 'самый лучший пост в мире', 58),
--(163, 'отличный пост', 58);
--
--INSERT INTO posts_tags (post_id, tag_id) VALUES
--(58, 6),
--(58, 5),
--(58, 2);
--
--INSERT INTO posts (id, title, image, text, likes) VALUES
--(59, 'Пост 59', 'image59.png', 'Абзац 1: Строка 1 <br> Строка 2 <br><br> Абзац 2: Строка 1 <br> Строка 2 <br> Строка 3', 867);
--
--INSERT INTO comments (id, text, post_id) VALUES
--(164, 'замечательный пост', 59);
--
--INSERT INTO posts_tags (post_id, tag_id) VALUES
--(59, 6),
--(59, 5);
--
--INSERT INTO posts (id, title, image, text, likes) VALUES
--(60, 'Пост 60', 'image60.png', 'Абзац 1: Строка 1 <br> Строка 2 <br> Строка 3 <br><br> Абзац 2: Строка 1 <br> Строка 2 <br> Строка 3 <br> Строка 4 <br><br> Абзац 3: Строка 1', 494);
--
--INSERT INTO comments (id, text, post_id) VALUES
--(165, 'замечательный пост', 60),
--(166, 'самый лучший пост в мире', 60);
--
--INSERT INTO posts_tags (post_id, tag_id) VALUES
--(60, 4),
--(60, 5);
--
--INSERT INTO posts (id, title, image, text, likes) VALUES
--(61, 'Пост 61', 'image61.png', 'Абзац 1: Строка 1 <br><br> Абзац 2: Строка 1 <br> Строка 2 <br> Строка 3 <br><br> Абзац 3: Строка 1 <br> Строка 2', 1);
--
--INSERT INTO comments (id, text, post_id) VALUES
--(167, 'самый лучший пост в мире', 61),
--(168, 'отвратительный пост', 61),
--(169, 'хуже ничего в жизни не читал', 61),
--(170, 'отличный пост', 61);
--
--INSERT INTO posts_tags (post_id, tag_id) VALUES
--(61, 1),
--(61, 6),
--(61, 4);
--
--INSERT INTO posts (id, title, image, text, likes) VALUES
--(62, 'Пост 62', 'image62.png', 'Абзац 1: Строка 1 <br> Строка 2 <br> Строка 3 <br> Строка 4', 289);
--
--INSERT INTO posts (id, title, image, text, likes) VALUES
--(63, 'Пост 63', 'image63.png', 'Абзац 1: Строка 1 <br> Строка 2', 947);
--
--INSERT INTO comments (id, text, post_id) VALUES
--(171, 'хуже ничего в жизни не читал', 63),
--(172, 'ужасный пост', 63);
--
--INSERT INTO posts_tags (post_id, tag_id) VALUES
--(63, 2);
--
--INSERT INTO posts (id, title, image, text, likes) VALUES
--(64, 'Пост 64', 'image64.png', 'Абзац 1: Строка 1', 986);
--
--INSERT INTO posts_tags (post_id, tag_id) VALUES
--(64, 2),
--(64, 6),
--(64, 4);
--
--INSERT INTO posts (id, title, image, text, likes) VALUES
--(65, 'Пост 65', 'image65.png', 'Абзац 1: Строка 1 <br><br> Абзац 2: Строка 1 <br> Строка 2 <br> Строка 3 <br> Строка 4 <br> Строка 5', 485);
--
--INSERT INTO comments (id, text, post_id) VALUES
--(173, 'замечательный пост', 65);
--
--INSERT INTO posts (id, title, image, text, likes) VALUES
--(66, 'Пост 66', 'image66.png', 'Абзац 1: Строка 1 <br> Строка 2 <br> Строка 3 <br> Строка 4 <br><br> Абзац 2: Строка 1 <br> Строка 2 <br> Строка 3 <br> Строка 4 <br><br> Абзац 3: Строка 1 <br> Строка 2 <br> Строка 3', 57);
--
--INSERT INTO comments (id, text, post_id) VALUES
--(174, 'ужасный пост', 66),
--(175, 'самый лучший пост в мире', 66),
--(176, 'самый лучший пост в мире', 66);
--
--INSERT INTO posts_tags (post_id, tag_id) VALUES
--(66, 3),
--(66, 4),
--(66, 6);
--
--INSERT INTO posts (id, title, image, text, likes) VALUES
--(67, 'Пост 67', 'image67.png', 'Абзац 1: Строка 1 <br> Строка 2 <br><br> Абзац 2: Строка 1 <br><br> Абзац 3: Строка 1 <br> Строка 2', 860);
--
--INSERT INTO comments (id, text, post_id) VALUES
--(177, 'отличный пост', 67),
--(178, 'отвратительный пост', 67),
--(179, 'отличный пост', 67),
--(180, 'хуже ничего в жизни не читал', 67),
--(181, 'самый лучший пост в мире', 67);
--
--INSERT INTO posts_tags (post_id, tag_id) VALUES
--(67, 3);
--
--INSERT INTO posts (id, title, image, text, likes) VALUES
--(68, 'Пост 68', 'image68.png', 'Абзац 1: Строка 1 <br><br> Абзац 2: Строка 1 <br><br> Абзац 3: Строка 1 <br> Строка 2 <br> Строка 3', 89);
--
--INSERT INTO comments (id, text, post_id) VALUES
--(182, 'отвратительный пост', 68),
--(183, 'замечательный пост', 68),
--(184, 'хуже ничего в жизни не читал', 68),
--(185, 'ужасный пост', 68);
--
--INSERT INTO posts_tags (post_id, tag_id) VALUES
--(68, 1),
--(68, 6),
--(68, 5);
--
--INSERT INTO posts (id, title, image, text, likes) VALUES
--(69, 'Пост 69', 'image69.png', 'Абзац 1: Строка 1 <br> Строка 2 <br> Строка 3', 786);
--
--INSERT INTO comments (id, text, post_id) VALUES
--(186, 'отвратительный пост', 69),
--(187, 'самый лучший пост в мире', 69),
--(188, 'хуже ничего в жизни не читал', 69);
--
--INSERT INTO posts (id, title, image, text, likes) VALUES
--(70, 'Пост 70', 'image70.png', 'Абзац 1: Строка 1 <br> Строка 2 <br> Строка 3 <br> Строка 4', 620);
--
--INSERT INTO comments (id, text, post_id) VALUES
--(189, 'хуже ничего в жизни не читал', 70),
--(190, 'отличный пост', 70),
--(191, 'хуже ничего в жизни не читал', 70),
--(192, 'замечательный пост', 70);
--
--INSERT INTO posts_tags (post_id, tag_id) VALUES
--(70, 4);
--
--INSERT INTO posts (id, title, image, text, likes) VALUES
--(71, 'Пост 71', 'image71.png', 'Абзац 1: Строка 1 <br> Строка 2 <br> Строка 3 <br> Строка 4 <br> Строка 5', 498);
--
--INSERT INTO posts (id, title, image, text, likes) VALUES
--(72, 'Пост 72', 'image72.png', 'Абзац 1: Строка 1 <br> Строка 2 <br> Строка 3 <br> Строка 4 <br><br> Абзац 2: Строка 1 <br> Строка 2 <br> Строка 3 <br> Строка 4 <br> Строка 5', 714);
--
--INSERT INTO comments (id, text, post_id) VALUES
--(193, 'отвратительный пост', 72);
--
--INSERT INTO posts (id, title, image, text, likes) VALUES
--(73, 'Пост 73', 'image73.png', 'Абзац 1: Строка 1 <br> Строка 2 <br> Строка 3 <br> Строка 4', 524);
--
--INSERT INTO comments (id, text, post_id) VALUES
--(194, 'замечательный пост', 73),
--(195, 'хуже ничего в жизни не читал', 73),
--(196, 'ужасный пост', 73),
--(197, 'ужасный пост', 73),
--(198, 'отвратительный пост', 73);
--
--INSERT INTO posts_tags (post_id, tag_id) VALUES
--(73, 6);
--
--INSERT INTO posts (id, title, image, text, likes) VALUES
--(74, 'Пост 74', 'image74.png', 'Абзац 1: Строка 1 <br> Строка 2 <br> Строка 3 <br> Строка 4 <br><br> Абзац 2: Строка 1 <br> Строка 2 <br> Строка 3 <br> Строка 4 <br> Строка 5', 955);
--
--INSERT INTO comments (id, text, post_id) VALUES
--(199, 'ужасный пост', 74),
--(200, 'самый лучший пост в мире', 74),
--(201, 'отличный пост', 74);
--
--INSERT INTO posts_tags (post_id, tag_id) VALUES
--(74, 2);
--
--INSERT INTO posts (id, title, image, text, likes) VALUES
--(75, 'Пост 75', 'image75.png', 'Абзац 1: Строка 1 <br> Строка 2 <br> Строка 3 <br> Строка 4 <br><br> Абзац 2: Строка 1 <br> Строка 2 <br><br> Абзац 3: Строка 1 <br> Строка 2 <br> Строка 3 <br> Строка 4', 177);
--
--INSERT INTO comments (id, text, post_id) VALUES
--(202, 'хуже ничего в жизни не читал', 75),
--(203, 'самый лучший пост в мире', 75);
--
--INSERT INTO posts_tags (post_id, tag_id) VALUES
--(75, 6),
--(75, 1),
--(75, 4);
--
--INSERT INTO posts (id, title, image, text, likes) VALUES
--(76, 'Пост 76', 'image76.png', 'Абзац 1: Строка 1 <br> Строка 2 <br> Строка 3 <br> Строка 4 <br><br> Абзац 2: Строка 1 <br> Строка 2 <br> Строка 3', 477);
--
--INSERT INTO posts_tags (post_id, tag_id) VALUES
--(76, 1);
--
--INSERT INTO posts (id, title, image, text, likes) VALUES
--(77, 'Пост 77', 'image77.png', 'Абзац 1: Строка 1 <br> Строка 2 <br> Строка 3 <br> Строка 4 <br><br> Абзац 2: Строка 1 <br><br> Абзац 3: Строка 1 <br> Строка 2 <br> Строка 3 <br> Строка 4 <br> Строка 5', 465);
--
--INSERT INTO comments (id, text, post_id) VALUES
--(204, 'самый лучший пост в мире', 77),
--(205, 'замечательный пост', 77),
--(206, 'отвратительный пост', 77);
--
--INSERT INTO posts_tags (post_id, tag_id) VALUES
--(77, 6);
--
--INSERT INTO posts (id, title, image, text, likes) VALUES
--(78, 'Пост 78', 'image78.png', 'Абзац 1: Строка 1 <br><br> Абзац 2: Строка 1 <br> Строка 2 <br><br> Абзац 3: Строка 1 <br> Строка 2 <br> Строка 3 <br> Строка 4 <br> Строка 5', 746);
--
--INSERT INTO comments (id, text, post_id) VALUES
--(207, 'отличный пост', 78),
--(208, 'хуже ничего в жизни не читал', 78),
--(209, 'хуже ничего в жизни не читал', 78),
--(210, 'ужасный пост', 78);
--
--INSERT INTO posts_tags (post_id, tag_id) VALUES
--(78, 1),
--(78, 5);
--
--INSERT INTO posts (id, title, image, text, likes) VALUES
--(79, 'Пост 79', 'image79.png', 'Абзац 1: Строка 1 <br> Строка 2 <br><br> Абзац 2: Строка 1 <br> Строка 2 <br> Строка 3 <br> Строка 4 <br> Строка 5 <br><br> Абзац 3: Строка 1 <br> Строка 2 <br> Строка 3 <br> Строка 4 <br> Строка 5', 959);
--
--INSERT INTO comments (id, text, post_id) VALUES
--(211, 'отвратительный пост', 79),
--(212, 'самый лучший пост в мире', 79),
--(213, 'хуже ничего в жизни не читал', 79),
--(214, 'хуже ничего в жизни не читал', 79);
--
--INSERT INTO posts_tags (post_id, tag_id) VALUES
--(79, 5),
--(79, 1),
--(79, 6),
--(79, 3);
--
--INSERT INTO posts (id, title, image, text, likes) VALUES
--(80, 'Пост 80', 'image80.png', 'Абзац 1: Строка 1 <br> Строка 2', 611);
--
--INSERT INTO posts_tags (post_id, tag_id) VALUES
--(80, 2);
--
--INSERT INTO posts (id, title, image, text, likes) VALUES
--(81, 'Пост 81', 'image81.png', 'Абзац 1: Строка 1 <br> Строка 2 <br> Строка 3 <br> Строка 4 <br><br> Абзац 2: Строка 1 <br><br> Абзац 3: Строка 1 <br> Строка 2', 90);
--
--INSERT INTO comments (id, text, post_id) VALUES
--(215, 'хуже ничего в жизни не читал', 81),
--(216, 'отличный пост', 81),
--(217, 'самый лучший пост в мире', 81),
--(218, 'отвратительный пост', 81),
--(219, 'самый лучший пост в мире', 81);
--
--INSERT INTO posts_tags (post_id, tag_id) VALUES
--(81, 4),
--(81, 3),
--(81, 6),
--(81, 5);
--
--INSERT INTO posts (id, title, image, text, likes) VALUES
--(82, 'Пост 82', 'image82.png', 'Абзац 1: Строка 1 <br><br> Абзац 2: Строка 1 <br> Строка 2 <br> Строка 3 <br> Строка 4 <br> Строка 5 <br><br> Абзац 3: Строка 1 <br> Строка 2', 144);
--
--INSERT INTO comments (id, text, post_id) VALUES
--(220, 'отвратительный пост', 82),
--(221, 'отвратительный пост', 82),
--(222, 'хуже ничего в жизни не читал', 82),
--(223, 'отвратительный пост', 82);
--
--INSERT INTO posts_tags (post_id, tag_id) VALUES
--(82, 1);
--
--INSERT INTO posts (id, title, image, text, likes) VALUES
--(83, 'Пост 83', 'image83.png', 'Абзац 1: Строка 1 <br> Строка 2 <br> Строка 3 <br><br> Абзац 2: Строка 1 <br> Строка 2 <br> Строка 3 <br><br> Абзац 3: Строка 1 <br> Строка 2 <br> Строка 3 <br> Строка 4', 167);
--
--INSERT INTO comments (id, text, post_id) VALUES
--(224, 'отвратительный пост', 83);
--
--INSERT INTO posts (id, title, image, text, likes) VALUES
--(84, 'Пост 84', 'image84.png', 'Абзац 1: Строка 1 <br> Строка 2 <br> Строка 3 <br> Строка 4', 433);
--
--INSERT INTO posts_tags (post_id, tag_id) VALUES
--(84, 2),
--(84, 3),
--(84, 6);
--
--INSERT INTO posts (id, title, image, text, likes) VALUES
--(85, 'Пост 85', 'image85.png', 'Абзац 1: Строка 1 <br> Строка 2 <br> Строка 3 <br> Строка 4', 363);
--
--INSERT INTO comments (id, text, post_id) VALUES
--(225, 'отличный пост', 85),
--(226, 'ужасный пост', 85),
--(227, 'самый лучший пост в мире', 85);
--
--INSERT INTO posts_tags (post_id, tag_id) VALUES
--(85, 5),
--(85, 1),
--(85, 4);
--
--INSERT INTO posts (id, title, image, text, likes) VALUES
--(86, 'Пост 86', 'image86.png', 'Абзац 1: Строка 1 <br> Строка 2', 726);
--
--INSERT INTO comments (id, text, post_id) VALUES
--(228, 'отличный пост', 86);
--
--INSERT INTO posts (id, title, image, text, likes) VALUES
--(87, 'Пост 87', 'image87.png', 'Абзац 1: Строка 1 <br> Строка 2 <br> Строка 3 <br> Строка 4 <br> Строка 5 <br><br> Абзац 2: Строка 1 <br> Строка 2 <br> Строка 3 <br> Строка 4 <br><br> Абзац 3: Строка 1 <br> Строка 2 <br> Строка 3', 429);
--
--INSERT INTO posts (id, title, image, text, likes) VALUES
--(88, 'Пост 88', 'image88.png', 'Абзац 1: Строка 1 <br> Строка 2 <br> Строка 3 <br> Строка 4 <br> Строка 5 <br><br> Абзац 2: Строка 1 <br> Строка 2 <br> Строка 3 <br> Строка 4 <br> Строка 5', 718);
--
--INSERT INTO comments (id, text, post_id) VALUES
--(229, 'ужасный пост', 88),
--(230, 'отвратительный пост', 88);
--
--INSERT INTO posts_tags (post_id, tag_id) VALUES
--(88, 4),
--(88, 5),
--(88, 2),
--(88, 6);
--
--INSERT INTO posts (id, title, image, text, likes) VALUES
--(89, 'Пост 89', 'image89.png', 'Абзац 1: Строка 1 <br> Строка 2 <br> Строка 3 <br> Строка 4', 713);
--
--INSERT INTO comments (id, text, post_id) VALUES
--(231, 'замечательный пост', 89),
--(232, 'хуже ничего в жизни не читал', 89);
--
--INSERT INTO posts_tags (post_id, tag_id) VALUES
--(89, 6),
--(89, 1);
--
--INSERT INTO posts (id, title, image, text, likes) VALUES
--(90, 'Пост 90', 'image90.png', 'Абзац 1: Строка 1 <br> Строка 2 <br> Строка 3', 836);
--
--INSERT INTO posts_tags (post_id, tag_id) VALUES
--(90, 6),
--(90, 4);
--
--INSERT INTO posts (id, title, image, text, likes) VALUES
--(91, 'Пост 91', 'image91.png', 'Абзац 1: Строка 1 <br> Строка 2 <br> Строка 3 <br> Строка 4', 206);
--
--INSERT INTO comments (id, text, post_id) VALUES
--(233, 'отличный пост', 91),
--(234, 'ужасный пост', 91),
--(235, 'отличный пост', 91),
--(236, 'ужасный пост', 91);
--
--INSERT INTO posts_tags (post_id, tag_id) VALUES
--(91, 2),
--(91, 6),
--(91, 3);
--
--INSERT INTO posts (id, title, image, text, likes) VALUES
--(92, 'Пост 92', 'image92.png', 'Абзац 1: Строка 1 <br> Строка 2 <br><br> Абзац 2: Строка 1 <br> Строка 2 <br> Строка 3 <br> Строка 4 <br> Строка 5', 969);
--
--INSERT INTO comments (id, text, post_id) VALUES
--(237, 'отвратительный пост', 92),
--(238, 'замечательный пост', 92),
--(239, 'хуже ничего в жизни не читал', 92),
--(240, 'отвратительный пост', 92);
--
--INSERT INTO posts_tags (post_id, tag_id) VALUES
--(92, 3);
--
--INSERT INTO posts (id, title, image, text, likes) VALUES
--(93, 'Пост 93', 'image93.png', 'Абзац 1: Строка 1 <br> Строка 2 <br> Строка 3 <br> Строка 4 <br><br> Абзац 2: Строка 1 <br> Строка 2 <br> Строка 3 <br> Строка 4 <br> Строка 5 <br><br> Абзац 3: Строка 1', 65);
--
--INSERT INTO comments (id, text, post_id) VALUES
--(241, 'самый лучший пост в мире', 93);
--
--INSERT INTO posts_tags (post_id, tag_id) VALUES
--(93, 5),
--(93, 3);
--
--INSERT INTO posts (id, title, image, text, likes) VALUES
--(94, 'Пост 94', 'image94.png', 'Абзац 1: Строка 1 <br> Строка 2 <br> Строка 3', 845);
--
--INSERT INTO comments (id, text, post_id) VALUES
--(242, 'самый лучший пост в мире', 94),
--(243, 'отличный пост', 94),
--(244, 'замечательный пост', 94),
--(245, 'ужасный пост', 94),
--(246, 'самый лучший пост в мире', 94);
--
--INSERT INTO posts_tags (post_id, tag_id) VALUES
--(94, 2),
--(94, 1),
--(94, 3);
--
--INSERT INTO posts (id, title, image, text, likes) VALUES
--(95, 'Пост 95', 'image95.png', 'Абзац 1: Строка 1 <br> Строка 2 <br> Строка 3 <br> Строка 4 <br><br> Абзац 2: Строка 1 <br> Строка 2 <br> Строка 3 <br> Строка 4 <br> Строка 5 <br><br> Абзац 3: Строка 1', 26);
--
--INSERT INTO posts_tags (post_id, tag_id) VALUES
--(95, 4),
--(95, 3),
--(95, 5);
--
--INSERT INTO posts (id, title, image, text, likes) VALUES
--(96, 'Пост 96', 'image96.png', 'Абзац 1: Строка 1 <br> Строка 2 <br> Строка 3 <br> Строка 4 <br> Строка 5', 308);
--
--INSERT INTO comments (id, text, post_id) VALUES
--(247, 'самый лучший пост в мире', 96),
--(248, 'ужасный пост', 96);
--
--INSERT INTO posts (id, title, image, text, likes) VALUES
--(97, 'Пост 97', 'image97.png', 'Абзац 1: Строка 1 <br><br> Абзац 2: Строка 1 <br> Строка 2 <br> Строка 3 <br> Строка 4 <br> Строка 5 <br><br> Абзац 3: Строка 1 <br> Строка 2 <br> Строка 3 <br> Строка 4', 372);
--
--INSERT INTO comments (id, text, post_id) VALUES
--(249, 'отличный пост', 97),
--(250, 'отвратительный пост', 97),
--(251, 'ужасный пост', 97),
--(252, 'отвратительный пост', 97),
--(253, 'самый лучший пост в мире', 97);
--
--INSERT INTO posts_tags (post_id, tag_id) VALUES
--(97, 6),
--(97, 4);
--
--INSERT INTO posts (id, title, image, text, likes) VALUES
--(98, 'Пост 98', 'image98.png', 'Абзац 1: Строка 1 <br> Строка 2', 460);
--
--INSERT INTO comments (id, text, post_id) VALUES
--(254, 'замечательный пост', 98),
--(255, 'самый лучший пост в мире', 98),
--(256, 'ужасный пост', 98),
--(257, 'отличный пост', 98),
--(258, 'отличный пост', 98);
--
--INSERT INTO posts_tags (post_id, tag_id) VALUES
--(98, 5),
--(98, 2),
--(98, 3),
--(98, 1);
--
--INSERT INTO posts (id, title, image, text, likes) VALUES
--(99, 'Пост 99', 'image99.png', 'Абзац 1: Строка 1 <br> Строка 2 <br><br> Абзац 2: Строка 1 <br> Строка 2 <br> Строка 3 <br> Строка 4', 498);
--
--INSERT INTO comments (id, text, post_id) VALUES
--(259, 'отличный пост', 99),
--(260, 'ужасный пост', 99),
--(261, 'отличный пост', 99),
--(262, 'отвратительный пост', 99),
--(263, 'отличный пост', 99);
--
--INSERT INTO posts (id, title, image, text, likes) VALUES
--(100, 'Пост 100', 'image100.png', 'Абзац 1: Строка 1 <br> Строка 2 <br> Строка 3 <br><br> Абзац 2: Строка 1', 953);
--
--INSERT INTO comments (id, text, post_id) VALUES
--(264, 'самый лучший пост в мире', 100),
--(265, 'отвратительный пост', 100),
--(266, 'отличный пост', 100),
--(267, 'хуже ничего в жизни не читал', 100);
--
--INSERT INTO posts_tags (post_id, tag_id) VALUES
--(100, 2),
--(100, 5),
--(100, 4);
--
--INSERT INTO posts (id, title, image, text, likes) VALUES
--(101, 'Пост 101', 'image101.png', 'Абзац 1: Строка 1 <br> Строка 2 <br><br> Абзац 2: Строка 1 <br> Строка 2', 577);
--
--INSERT INTO comments (id, text, post_id) VALUES
--(268, 'отвратительный пост', 101);
--
--INSERT INTO posts_tags (post_id, tag_id) VALUES
--(101, 2),
--(101, 3),
--(101, 1);
--
--INSERT INTO posts (id, title, image, text, likes) VALUES
--(102, 'Пост 102', 'image102.png', 'Абзац 1: Строка 1', 539);
--
--INSERT INTO comments (id, text, post_id) VALUES
--(269, 'замечательный пост', 102);
--
--INSERT INTO posts_tags (post_id, tag_id) VALUES
--(102, 2),
--(102, 6),
--(102, 3),
--(102, 1);
--
--INSERT INTO posts (id, title, image, text, likes) VALUES
--(103, 'Пост 103', 'image103.png', 'Абзац 1: Строка 1', 373);
--
--INSERT INTO comments (id, text, post_id) VALUES
--(270, 'хуже ничего в жизни не читал', 103),
--(271, 'замечательный пост', 103),
--(272, 'ужасный пост', 103);
--
--INSERT INTO posts_tags (post_id, tag_id) VALUES
--(103, 5),
--(103, 6),
--(103, 2);
--
--INSERT INTO posts (id, title, image, text, likes) VALUES
--(104, 'Пост 104', 'image104.png', 'Абзац 1: Строка 1 <br><br> Абзац 2: Строка 1 <br><br> Абзац 3: Строка 1 <br> Строка 2 <br> Строка 3', 131);
--
--INSERT INTO comments (id, text, post_id) VALUES
--(273, 'ужасный пост', 104),
--(274, 'замечательный пост', 104),
--(275, 'замечательный пост', 104),
--(276, 'отличный пост', 104),
--(277, 'самый лучший пост в мире', 104);
--
--INSERT INTO posts_tags (post_id, tag_id) VALUES
--(104, 5),
--(104, 2);
--
--INSERT INTO posts (id, title, image, text, likes) VALUES
--(105, 'Пост 105', 'image105.png', 'Абзац 1: Строка 1 <br> Строка 2 <br> Строка 3', 296);
--
--INSERT INTO posts_tags (post_id, tag_id) VALUES
--(105, 1),
--(105, 3);
--
--INSERT INTO posts (id, title, image, text, likes) VALUES
--(106, 'Пост 106', 'image106.png', 'Абзац 1: Строка 1 <br> Строка 2 <br> Строка 3 <br><br> Абзац 2: Строка 1 <br> Строка 2 <br> Строка 3 <br><br> Абзац 3: Строка 1 <br> Строка 2', 919);
--
--INSERT INTO posts_tags (post_id, tag_id) VALUES
--(106, 6);
--
--INSERT INTO posts (id, title, image, text, likes) VALUES
--(107, 'Пост 107', 'image107.png', 'Абзац 1: Строка 1 <br> Строка 2 <br> Строка 3 <br> Строка 4 <br> Строка 5 <br><br> Абзац 2: Строка 1 <br><br> Абзац 3: Строка 1 <br> Строка 2 <br> Строка 3', 936);
--
--INSERT INTO posts_tags (post_id, tag_id) VALUES
--(107, 5),
--(107, 6);
--
--INSERT INTO posts (id, title, image, text, likes) VALUES
--(108, 'Пост 108', 'image108.png', 'Абзац 1: Строка 1 <br> Строка 2 <br> Строка 3 <br><br> Абзац 2: Строка 1 <br> Строка 2 <br> Строка 3 <br> Строка 4 <br> Строка 5 <br><br> Абзац 3: Строка 1 <br> Строка 2 <br> Строка 3 <br> Строка 4 <br> Строка 5', 266);
--
--INSERT INTO comments (id, text, post_id) VALUES
--(278, 'хуже ничего в жизни не читал', 108),
--(279, 'самый лучший пост в мире', 108),
--(280, 'ужасный пост', 108),
--(281, 'ужасный пост', 108);
--
--INSERT INTO posts_tags (post_id, tag_id) VALUES
--(108, 5),
--(108, 2),
--(108, 3),
--(108, 4);
--
--INSERT INTO posts (id, title, image, text, likes) VALUES
--(109, 'Пост 109', 'image109.png', 'Абзац 1: Строка 1 <br> Строка 2 <br><br> Абзац 2: Строка 1 <br> Строка 2 <br> Строка 3 <br><br> Абзац 3: Строка 1 <br> Строка 2 <br> Строка 3 <br> Строка 4 <br> Строка 5', 670);
--
--INSERT INTO comments (id, text, post_id) VALUES
--(282, 'самый лучший пост в мире', 109);
--
--INSERT INTO posts_tags (post_id, tag_id) VALUES
--(109, 2),
--(109, 3),
--(109, 5);
--
--INSERT INTO posts (id, title, image, text, likes) VALUES
--(110, 'Пост 110', 'image110.png', 'Абзац 1: Строка 1 <br> Строка 2 <br> Строка 3 <br> Строка 4 <br> Строка 5', 740);
--
--INSERT INTO comments (id, text, post_id) VALUES
--(283, 'отвратительный пост', 110);
--
--INSERT INTO posts_tags (post_id, tag_id) VALUES
--(110, 1),
--(110, 4),
--(110, 5),
--(110, 6);
--
--INSERT INTO posts (id, title, image, text, likes) VALUES
--(111, 'Пост 111', 'image111.png', 'Абзац 1: Строка 1 <br> Строка 2 <br> Строка 3 <br><br> Абзац 2: Строка 1 <br> Строка 2 <br> Строка 3', 535);
--
--INSERT INTO comments (id, text, post_id) VALUES
--(284, 'ужасный пост', 111);
--
--INSERT INTO posts_tags (post_id, tag_id) VALUES
--(111, 5),
--(111, 4),
--(111, 6);
--
--INSERT INTO posts (id, title, image, text, likes) VALUES
--(112, 'Пост 112', 'image112.png', 'Абзац 1: Строка 1 <br> Строка 2 <br> Строка 3 <br> Строка 4 <br> Строка 5', 879);
--
--INSERT INTO comments (id, text, post_id) VALUES
--(285, 'отвратительный пост', 112);
--
--INSERT INTO posts_tags (post_id, tag_id) VALUES
--(112, 3),
--(112, 5);
--
--INSERT INTO posts (id, title, image, text, likes) VALUES
--(113, 'Пост 113', 'image113.png', 'Абзац 1: Строка 1 <br> Строка 2 <br> Строка 3 <br> Строка 4 <br> Строка 5 <br><br> Абзац 2: Строка 1 <br> Строка 2 <br> Строка 3 <br> Строка 4 <br> Строка 5', 497);
--
--INSERT INTO comments (id, text, post_id) VALUES
--(286, 'отвратительный пост', 113),
--(287, 'замечательный пост', 113),
--(288, 'отвратительный пост', 113),
--(289, 'хуже ничего в жизни не читал', 113),
--(290, 'отличный пост', 113);
--
--INSERT INTO posts_tags (post_id, tag_id) VALUES
--(113, 5),
--(113, 4),
--(113, 6);
--
--INSERT INTO posts (id, title, image, text, likes) VALUES
--(114, 'Пост 114', 'image114.png', 'Абзац 1: Строка 1 <br> Строка 2 <br> Строка 3 <br> Строка 4 <br> Строка 5 <br><br> Абзац 2: Строка 1 <br> Строка 2 <br> Строка 3', 97);
--
--INSERT INTO comments (id, text, post_id) VALUES
--(291, 'отвратительный пост', 114),
--(292, 'отличный пост', 114),
--(293, 'хуже ничего в жизни не читал', 114),
--(294, 'замечательный пост', 114),
--(295, 'отличный пост', 114);
--
--INSERT INTO posts_tags (post_id, tag_id) VALUES
--(114, 3),
--(114, 1);
--INSERT INTO posts (id, title, image, text, likes) VALUES
--(115, 'Пост 115', 'image115.png', 'Абзац 1: Строка 1 <br> Строка 2 <br> Строка 3', 762);
--
--INSERT INTO comments (id, text, post_id) VALUES
--(296, 'самый лучший пост в мире', 115),
--(297, 'замечательный пост', 115),
--(298, 'отвратительный пост', 115),
--(299, 'ужасный пост', 115),
--(300, 'отвратительный пост', 115);
--
--INSERT INTO posts_tags (post_id, tag_id) VALUES
--(115, 2),
--(115, 5),
--(115, 6);

ALTER TABLE posts ALTER COLUMN id RESTART WITH (SELECT MAX(id) + 1 FROM posts);
ALTER TABLE tags ALTER COLUMN id RESTART WITH (SELECT MAX(id) + 1 FROM tags);
ALTER TABLE comments ALTER COLUMN id RESTART WITH (SELECT MAX(id) + 1 FROM comments);